{
  "students": [
    {
      "id": 1,
      "firstName": "John",
      "lastName": "Doe",
      "gradeSection": "DP2 E",
      "attendanceAtMeeting": "Present",
      "studentId": "SCH ID1874",
      "creativityList": [],
      "activityList": [],
      "serviceList": []
    },
    {
      "id": 2,
      "firstName": "Steve",
      "lastName": "Minecraft",
      "gradeSection": "DP2 E",
      "attendanceAtMeeting": "Absent",
      "studentId": "SCH ID1875",
      "creativityList": [],
      "activityList": [],
      "serviceList": []
    },
    {
      "id": 3,
      "firstName": "Joe",
      "lastName": "Soe",
      "gradeSection": "DP2 E",
      "attendanceAtMeeting": "Not Expected",
      "studentId": "SCH ID1876",
      "creativityList": [],
      "activityList": [],
      "serviceList": []
    }
  ],
  "teachers": [
    {
      "id": 1,
      "firstname": "Timothy",
      "lastname": "Pete",
      "username": "tim.pete",
      "password": "tim.pete"
    },
    {
      "firstName": "tim",
      "lastName": "tim",
      "username": "tim.pete1",
      "password": "tim.pete",
      "id": 2
    }
  ]
}